UserTag,TimeStamp,Tweet,Replies,ReTweets,Likes
"G20 India
@g20org
¬∑
Sep 28",2023-09-28T09:00:25.000Z,"Watch the highlights of the #G20 University Connect Finale 

#G20India",10,68,234
"G20 India
@g20org
¬∑
Sep 28",2023-09-28T11:49:34.000Z,"Thursday calls for a #G20India quiz!

Comment below with your answer now.",24,33,164
"StaySafeOnline
@SSOIndia
¬∑
23h",2023-10-06T15:00:21.000Z,"Update regularly
#staysafeonline #cybersecurity #g20india #g20dewg #g20org #g20summit #besafe #staysafe #ssoindia #meity #mygovindia #india #Quad #Quad2023 #swachhbharatabhiyan #cybersecurityawareness #beaware #besecured #nationalcybersecurityawarenessmonth",0,3,2
"BSNL India
@BSNLCorporate
¬∑
Oct 5",2023-10-05T09:58:23.000Z,"Celebrating 23 years of #ConnectingIndia.  
We present to you facts that celebrate our journey through the memorable years.    

#BSNLLegacy #G20India #BSNL",33,53,140
"CeGMeitY
@MeitYCeG
¬∑
Oct 3",2023-10-03T11:08:24.000Z,"BE CAREFUL!!!
#staysafeonline #cybersecurity #g20india #g20dewg #g20org #g20summit #besafe #staysafe #ssoindia #meity #mygovindia #india #swachhbharat #swachhbharatabhiyan #swachhbharatmission #swachhbharatdiwas 
For more content visit our website
https://staysafeonline.in",0,9,1
"G20 India
@g20org
¬∑
Sep 29",2023-09-29T07:55:17.000Z,"Experience the power of Digital India!

Watch how one of the ground level functionaries helped overcome the language barrier at the #G20 Summit, with the #G20India App.

To explore the features and updates about India's Presidency, download the app now: 

Android ‚Ä¶",9,36,119
"ImVipulJamwal
@imvipuljamwal
¬∑
Sep 30",2023-09-30T05:40:47.000Z,"India is investing in #HUMANITY 
One of the African country Prime minister during #G20India 

#SaturdayVibes #VegVsNonVeg #Dunki #KannurSquad #TeesriBaarModiSarkar #Balochistan #Manipur #ISKCON #UjjainHorror #INDvsENG #SmackDown #PAKvsNZ 
#SJaishankar #Khalistanis #khalistan‚Ä¶",2,24,67
"Information Security Awareness (ISEA) by MeitY
@InfoSecAwa
¬∑
Oct 5",2023-10-05T06:00:56.000Z,"If something looks off, it probably is. Let's stay safe online!!
 #staysafeonline #cybersecurity #g20india  #g20org #g20summit #ssoindia #meity #mygovindia #india #swachhbharat #swachhbharatabhiyan #cybersecurityawareness #beaware #besecured
#nationalcybersecurityawarenessmonth",0,3,3
"NSS RD Chandigarh
@NSSRDChandigarh
¬∑
1h",2023-10-07T13:11:43.000Z,"#NSS #Y20India #G20India #MeriMatiMeraDesh #Maatikonaman #Veeronkavandan
Panch Pran pledge under ‚ÄúMeri Maati Mera Desh‚Äù was taken by the NSS Unit of GSSS Kangal, Shimla, H.P.
@ianuragthakur
 @NisithPramanik
 @YASMinistry
 @NITKM2021
 @pankajsinghips
 @_NSSIndia
 @AmritMahotsav
 @pibyas",0,1,1
"INDIA NARRATIVE
@india_narrative
¬∑
Sep 28",2023-09-28T09:13:05.000Z,"#WATCH | Highlights of the #G20 University Connect Finale programme at #BharatMandapam in New Delhi which held on 26 September

#IndiaNarrative #G20India 

(Video source: 
@g20org
)",0,7,7
"MyGovIndia
@mygovindia
¬∑
1h",2023-10-07T13:07:55.000Z,"A Leading Role in Global Diplomacy! 

At the G20 Summit, the India-Middle East-Europe Corridor earned approval, showcasing India's role in fostering global unity during this critical moment.

#PMModi #G20India",2,3,7
"NSS RD Chandigarh
@NSSRDChandigarh
¬∑
2h",2023-10-07T12:10:44.000Z,"#NSS #Y20India #G20India #MeriMatiMeraDesh #SwachhBarat #SwasthBharat
A beautiful glimpse of the opening of NSS Special Camp at GSSS Malat, Shimla, Himachal Pradesh.
@ianuragthakur
 @NisithPramanik
 @YASMinistry
 @NITKM2021
 @pankajsinghips
 @_NSSIndia
 @AmritMahotsav
 @pibyas",0,2,2
"BSNL India
@BSNLCorporate
¬∑
Oct 6",2023-10-06T09:59:17.000Z,"Celebrating 23 years of #ConnectingIndia.   
We present to you facts that celebrate our journey through the memorable years.      

#BSNLLegacy #G20India #BSNL",20,38,105
"T20 India 2023
@T20org
¬∑
22h",2023-10-06T16:12:00.000Z,"How will G20 #Brazil take forward or maintain continuity in the #G20‚Äôs efforts to uphold the voice of the #GlobalSouth?

Watch Luciana Servo, Maria Fernanda Espinosa, Marcos Caramuru, Almir Nascimento, Harsh V Pant at the #T20Summit.

#G20India 
@g20org",1,1,2
"NSS RD Chandigarh
@NSSRDChandigarh
¬∑
1h",2023-10-07T13:17:27.000Z,"#NSS #Y20India #G20India #MeriMatiMeraDesh #SwachhBarat #SwasthBharat
Health Check up of NSS Volunteers during NSS Special Camp at GGSSS Lakkar Bazar, Shimla, H.P.
@ianuragthakur
 @NisithPramanik
 @YASMinistry
 @NITKM2021
 @pankajsinghips
 @_NSSIndia
 @AmritMahotsav
 @pibyas",0,1,1
"‚ôî Anu Sree ‚ôî
@AnuSree4657
¬∑
Sep 30",2023-09-30T04:33:51.000Z,"India is investing in #HUMANITY 
One of the African country Prime minister during #G20India 

#SaturdayVibes #VegVsNonVeg #Dunki #KannurSquad #TeesriBaarModiSarkar #Balochistan Manipur ISKCON #UjjainHorror #INDvsENG #SmackDown",2,51,206
"G Kishan Reddy
@kishanreddybjp
¬∑
Sep 27",2023-09-27T04:16:12.000Z,"The 
@g20org
 Orchestra - #SurVasudha, was showcased at the Culture Ministers' Meet in Varanasi. It featured musical traditions from the G20 members & invitee countries symbolizing Vasudhaiva Kutumbakam  - The World is one family

#CultureUnitesAll #G20India",2,451,518
"Mohit Yadav,IFS
@MohitYadavIFS
¬∑
36m
¬∑",2023-10-07T13:42:31.000Z,"Engaging conversation with Hon‚Äôble 
@hahnflo
, MdB in #Aying to elevate growing #IndiaGermany ties esp. with #Bayern & amidst Consular corps- discuss #Bharat‚Äôs path towards becoming developed nation by 2047 during #Amritkaal, #Chandrayaan3, #G20India, emerging opportunities as‚Ä¶",0,0,1
"BSNL India
@BSNLCorporate
¬∑
Oct 1",2023-10-01T02:40:43.000Z,"On our #FoundationDay, we extend our deepest gratitude to you, our valued customers. Thank you for being a part of our journey and for your unwavering support!

#BSNLDay #BSNLFoundationDay #ConnectingIndia #BSNL #G20India",46,146,295
"BSNL India
@BSNLCorporate
¬∑
Oct 5",2023-10-05T05:20:39.000Z,"On this World Teachers' Day, let's honor the architects of knowledge who build the foundations of our future.
#WorldTeachersDay #BSNL #G20India #TeachersDay",18,30,87
"StaySafeOnline
@SSOIndia
¬∑
Oct 4",2023-10-04T16:00:58.000Z,"Can you find the correct???
Comment  the correct piece
#staysafeonline #cybersecurity #g20india  #g20summit #besafe #staysafe #ssoindia #meity #mygovindia #india #swachhbharat #swachhbharatabhiyan #cybersecurityawareness #nationalcybersecurityawarenessmonth #WednesdayMotivation",2,3,5
"Birthday Havan
@BirthdayHavan
¬∑
Oct 4",2023-10-04T16:08:38.000Z,"#OurCultureOurPride  India's only free community Traditional Birthday Celebration in Mumbai Temples. Free Birthday Havan for families. Take joint sankalpa for children, parents and grandparents birthday's. 
#AmritMahotsav #IncredibleIndia #CultureUnitesAll #G20India",0,0,1
"Birthday Havan
@BirthdayHavan
¬∑
Oct 4",2023-10-04T16:11:46.000Z,"#OurCultureOurPride  India's only free community Traditional Birthday Celebration in Mumbai Temples. Free Birthday Havan for families. Take joint sankalpa for children, parents and grandparents birthday's.
#AmritMahotsav #IncredibleIndia #CultureUnitesAll #G20India",0,0,1
"BSNL India
@BSNLCorporate
¬∑
Oct 3",2023-10-03T09:14:48.000Z,"Celebrating 23 years of #ConnectingIndia. We present to you facts that celebrate our journey through the memorable years.

#BSNLLegacy #G20India #BSNL",23,50,149
"Nikhil
@BEBADNKC
¬∑
Sep 28",2023-09-28T05:54:42.000Z,My Certificate of #Chandrayaan3MahaQuiz #G20INDIA,0,0,0
"lanchenba salam
@salam_lanchenba
¬∑
Sep 27",2023-09-27T16:05:47.000Z,"The eyes that will haunt India forever.
""Amidst the darkness of loss,
we kindle this candle  in loving memory of those two departed souls.
Their light will forever shine in our hearts.

#Justice4LinthoiNHemanjit 
#GenevaWithManipur #G20 #G20India #SaveManipur
@TOIIndiaNews
 @ndtv",16,310,218
"Birthday Havan
@BirthdayHavan
¬∑
Oct 4",2023-10-04T16:15:17.000Z,#OurCultureOurPride #MatruPooja worship own mother as Divine Mother #Navratri at India's only free community Traditional Birthday Celebration in Mumbai Temples.. #AmritMahotsav #IncredibleIndia #CultureUnitesAll #G20India,0,0,1
"Ministry of Culture
@MinOfCultureGoI
¬∑
Sep 27",2023-09-27T12:24:36.000Z,"Govind Mohan, Secretary, Ministry of Culture led a Swachhata Pledge joined by various Heads of Organisations under the Ministry of Culture, setting the tone for the ‚ÄòSwachhata Hi Seva‚Äô campaign. (1/2)

#CultureUnitesAll #G20India #AmritMahotsav",2,20,57
"Junaid Hussain
@Chauhdary10
¬∑
Sep 30",2023-09-30T04:53:32.000Z,What is happening #HUMANITY #G20India #SaturdayVibes #VegVsNonVeg #Dunki #KannurSquad #TeesriBaarModiSarkar #Balochistan Manipur ISKCON #UjjainHorror #INDvsENG #SmackDown ùêÅùêöùê•ùê®ùêúùê°ùê¢ùê¨ùê≠ùêöùêß,2,3,8
"Hindustani Sapoot
@desi_sapoot
¬∑
Oct 3",2023-10-03T15:45:18.000Z,"It is my humble request to all the Kshatriya brothers, you should reach Gandhi Maidan in Patna in maximum numbers, your blood is calling you, your participation somewhere in the fight for self-respect will strengthen the society.
#worldnews #thakur_the_neglected_indian #G20India",0,0,1
"POWERGRID
@pgcilindia
¬∑
23h",2023-10-06T15:12:00.000Z,"POWERGRID wins the Dun & Bradstreet PSU Award 2023 in Power Transmission. It was bestowed by Mr. Vivek Joshi, Secretary, Deptt. of Financial Services & Mr. Ajit B. Chavan, ACEO GeM. It was received by Mr. Stanley Mathews, ED and Mr. B. Anantha Sarma, ED, POWERGRID. #G20India",0,9,44
"StaySafeOnline
@SSOIndia
¬∑
Oct 5",2023-10-05T10:00:28.000Z,"Know your Do's and Don'ts 
#staysafeonline #cybersecurity #g20india #g20dewg #g20org #g20summit #besafe #staysafe #ssoindia #meity #mygovindia #india #Quad #Quad2023 #swachhbharat #swachhbharatabhiyan #cybersecurityawareness 
#nationalcybersecurityawarenessmonth",0,1,3
"‡§Ü‡§ï‡§æ‡§∂‡§µ‡§æ‡§£‡•Ä ‡§∏‡§Æ‡§æ‡§ö‡§æ‡§∞
@AIRNewsHindi
¬∑
Oct 6",2023-10-06T09:37:56.000Z,"#G20 ‡§¶‡•á‡§∂‡•ã‡§Ç ‡§ï‡•á ‡§∏‡§Ç‡§∏‡§¶ ‡§Ö‡§ß‡•ç‡§Ø‡§ï‡•ç‡§∑‡•ã‡§Ç ‡§ï‡§æ ‡§®‡•å‡§µ‡§æ‡§Ç ‡§∏‡§Æ‡•ç‡§Æ‡•á‡§≤‡§® ‡§á‡§∏ ‡§Æ‡§π‡•Ä‡§®‡•á ‡§ï‡•Ä 13-14 ‡§§‡§æ‡§∞‡•Ä‡§ñ ‡§ï‡•ã ‡§®‡§à ‡§¶‡§ø‡§≤‡•ç‡§≤‡•Ä ‡§Æ‡•á‡§Ç ‡§π‡•ã‡§ó‡§æ‡•§ 

‡§≤‡•ã‡§ï‡§∏‡§≠‡§æ ‡§Ö‡§ß‡•ç‡§Ø‡§ï‡•ç‡§∑ ‡§ì‡§Æ ‡§¨‡§ø‡§∞‡§≤‡§æ ‡§®‡•á ‡§¨‡§§‡§æ‡§Ø‡§æ ‡§ï‡§ø ‡§á‡§∏ ‡§µ‡•à‡§∂‡•ç‡§µ‡§ø‡§ï ‡§Ü‡§Ø‡•ã‡§ú‡§® ‡§Æ‡•á‡§Ç 25 ‡§∏‡§Ç‡§∏‡§¶‡•Ä‡§Ø ‡§™‡•Ä‡§†‡§æ‡§∏‡•Ä‡§® ‡§Ö‡§ß‡§ø‡§ï‡§æ‡§∞‡•Ä, 10 ‡§â‡§™‡§æ‡§ß‡•ç‡§Ø‡§ï‡•ç‡§∑ ‡§î‡§∞ 50 ‡§∏‡§æ‡§Ç‡§∏‡§¶ ‡§≠‡§æ‡§ó ‡§≤‡•á‡§Ç‡§ó‡•á‡•§ 

#G20India #Parliament20",0,4,5
"Ministry of Culture
@MinOfCultureGoI
¬∑
Sep 29",2023-09-29T16:03:37.000Z,"Saluting the bravery of Shaheed Lt. Surendra Mohan Jamatia, a real-life hero who gave everything for our nation. 

Join the #MeriMaatiMeraDesh movement and unite in paying homage to our fearless heroes.

#CultureUnitesAll #AmritMahotsav #G20India

(1/2)",2,15,35
"TEJASVI (NGO)
@AkashDeb347167
¬∑
Oct 1",2023-10-01T04:46:30.000Z,"The #G20India New Delhi Leaders' Declaration echoes the profound vision of PM 
@narendramodi
‚Äîa commitment to women-led development, human-centric progress, LiFE, inclusivity, and tangible results.  It mirrors his relentless dedication to a world where every individual",0,0,0
"Chingneiling Simte
@rose_zony
¬∑
Oct 2",2023-10-02T17:48:52.000Z,"This is how young kuki youths are being brain washed and prepared as a part of  an ongoing war against India. #PMOIndia 
@narendramodi
  #UnitedNations #G20India #G20Summit #KukiAtrocities #KukiZoEngineeredManipurConflict #KukiMilitants #KukiWarCriminals 
@rajnathsingh
 @AmitShah",0,4,4
"PHYSICAL THERAPIST
@officialdramit
¬∑
Oct 1",2023-09-30T18:31:43.000Z,The most interesting thing we got from #G20India is modi meloni memes,0,0,0
"Ministry of Information and Broadcasting
@MIB_India
¬∑
Oct 6",2023-10-06T03:50:53.000Z,"#MIBePositive | 06-10-2023 
Stories that inspire!

India made two world records during its #G20Presidency as part of #JanBhagidari events across the nation

PM 
@narendramodi
 in his #MannKiBaat episode hailed India‚Äôs #G20Presidency as People‚Äôs Presidency

#G20India‚Ä¶",2,6,28
"Ministry of Culture
@MinOfCultureGoI
¬∑
7h",2023-10-07T06:22:24.000Z,"‡§ß‡§∞‡•ç‡§Æ‡§∞‡§æ‡§ú‡•á‡§∂‡•ç‡§µ‡§∞ ‡§Æ‡§Ç‡§¶‡§ø‡§∞, ‡§≠‡§æ‡§∞‡§§ ‡§ï‡•á ‡§∏‡§¨‡§∏‡•á ‡§Ö‡§®‡•Ç‡§†‡•á ‡§î‡§∞ ‡§Ö‡§≤‡•å‡§ï‡§ø‡§ï ‡§Æ‡§Ç‡§¶‡§ø‡§∞‡•ã‡§Ç ‡§Æ‡•á‡§Ç ‡§∏‡•á ‡§è‡§ï ‡§π‡•à‡•§ ‡§Æ‡§ß‡•ç‡§Ø ‡§™‡•ç‡§∞‡§¶‡•á‡§∂ ‡§∏‡•ç‡§•‡§ø‡§§ ‡§á‡§∏ ‡§Æ‡§Ç‡§¶‡§ø‡§∞ ‡§ï‡•Ä ‡§§‡•Å‡§≤‡§®‡§æ ‡§è‡§≤‡•ã‡§∞‡§æ ‡§ï‡•á ‡§ï‡•à‡§≤‡§æ‡§∂ ‡§Æ‡§Ç‡§¶‡§ø‡§∞ ‡§∏‡•á ‡§≠‡•Ä ‡§ï‡•Ä ‡§ú‡§æ‡§§‡•Ä ‡§π‡•à‡•§

‡§ú‡§æ‡§®‡§ø‡§è ‡§ï‡•Å‡§õ ‡§§‡§•‡•ç‡§Ø:

#ArchaeologicalWonders #CultureUnitesAll #G20India #AmritMahotsav",2,28,76
"Ministry of Education
@EduMinOfIndia
¬∑
Sep 25
¬∑",2023-09-25T15:43:53.000Z,"On 26th September 2023, Hon‚Äôble Prime Minister Shri 
@narendramodi
 will interact with  #YuvaShakti of the nation at the event in Bharat Mandapam, New Delhi. Key members of the #G20 Team of India would brief the participants on the G20 outcomes.
#G20UniversityConnect #G20India‚Ä¶",9,134,289
"NSS RD Chandigarh
@NSSRDChandigarh
¬∑
3h",2023-10-07T10:37:46.000Z,"#NSS #Y20India #G20India #MeriMatiMeraDesh #SwachhBarat #SwasthBharat
Campus beautification drive under ""Swachhata Hi Seva' by GMGSSS Portmore, Shimla, H.P.
@ianuragthakur
 @NisithPramanik
 @YASMinistry
 @NITKM2021
 @pankajsinghips
 @_NSSIndia
 @AmritMahotsav
 @pibyas",0,1,1
"Anglvoid
@Anglvoid
¬∑
Sep 26",2023-09-26T11:42:39.000Z,"Trudeau was depressed and high on cocaine while in Delhi, says former diplomat 
#canada #india #bharat #geopolitics #G20India",0,0,4
"SANJEEV K GULATI
@skgulat
¬∑
23h",2023-10-06T14:56:10.000Z,"@ArvindKejriwal
 @AamAadmiParty
 @AAPDelhi
 @AapKaGopalRai
 @AtishiAAP
 @SatyendarJain
 @pwddelhi
 @DelhiPwd
 #G20India2023 #G20India Shame on the Pwd & AAP who always Introduce itself as Imandar. Pls c the conditions-of the elevator on FOB near PeeraGarhi on main outer ring Rd. Opp park",1,0,0
"Information Security Awareness (ISEA) by MeitY
@InfoSecAwa
¬∑
8h",2023-10-07T06:01:05.000Z,"Know your Do's and Don'ts  
#staysafeonline #cybersecurity #g20india #mygovindia #ssoindia #meity #india #Quad #Quad2023 #saturdaynight #Saturday  #swachhbharatabhiyan #cybersecurityawareness #beaware #besecured
#nationalcybersecurityawarenessmonth",0,1,2
"BSNL India
@BSNLCorporate
¬∑
Oct 4",2023-10-04T06:52:31.000Z,"Celebrating the beauty and importance of every creature on this planet. 
 #WorldAnimalDay #WorldAnimalWelfareDay #BSNL #G20India",5,34,80
"Ministry of Culture
@MinOfCultureGoI
¬∑
Oct 3",2023-10-03T15:43:40.000Z,"The 5th edition of PM Mementos is back!

Get ready for an exclusive opportunity to own a stunning Red Sandalwood Veena, meticulously crafted by the renowned artist Kamlesh Jangid from Rajasthan. 

#PMMementosAuction2023 #CultureUnitesAll #G20India #AmritMahotsav 

(1/4)",2,22,61
"Somex Lysngbm
@SomexL
¬∑
Oct 1",2023-10-01T14:49:12.000Z,"Meiteis the real indigenous people respect nature and the Kukis destroyed nature for money
#SaveMeiteiSaveNature
#ManipurHorrorMurder #IndiaHorrorMurder #SaveMeitei #SaveManipur #ZRA_Xposed #KNA_Xposed #NRCinManipur #KukiNarcoTerrorists #G20INDIA",0,0,0
"Information Security Awareness (ISEA) by MeitY
@InfoSecAwa
¬∑
3m",2023-10-07T14:15:31.000Z,"‡∞á‡∞Ç‡∞ü‡∞∞‡±ç‡∞®‡±Ü‡∞ü‡±ç ‡∞≠‡∞¶‡±ç‡∞∞‡∞§‡∞æ ‡∞ö‡∞ø‡∞ü‡±ç‡∞ï‡∞æ‡∞≤‡±Å - ‡∞Ü‡∞®‡±ç‚Äå‡∞≤‡±à‡∞®‡±ç‚Äå‡∞≤‡±ã ‡∞∏‡±Å‡∞∞‡∞ï‡±ç‡∞∑‡∞ø‡∞§‡∞Ç‡∞ó‡∞æ ‡∞â‡∞Ç‡∞°‡∞Ç‡∞°‡∞ø 
Visit to: http://staysafeonline.in
#staysafeonline #cybersecurity #g20india #g20dewg
#besafe #staysafe #ssoindia #meity #Telangana #Telugutips
@GoI_MeitY@_DigitalIndia  
@g20org
 @mygovindia
 @NeGD_GoI
 @rashtrapatibhvn",0,0,0
"Ministry of Culture
@MinOfCultureGoI
¬∑
Oct 3",2023-10-03T08:10:28.000Z,"Step into the spotlight at the India Art Architecture And Design Biennale 2023 - an interesting potpourri of creativity. 

#CultureUnitesAll #G20India #AmritMahotsav 

(1/2)",2,12,26
"NSS RD Chandigarh
@NSSRDChandigarh
¬∑
Oct 5",2023-10-05T08:47:10.000Z,"#NSS #Y20India  #G20India  #MeriMatiMeraDesh  #SwachhBharat, #SwasthBharat
The cleanliness drive was organized by NSS Unit of Sai Vision Public Sr Sec School Bhareri, Hamirpur, H.P.
@ianuragthakur
 @NisithPramanik
 @YASMinistry
 @NITKM2021
 @pankajsinghips
 @_NSSIndia
 @AmritMahotsav",0,3,3
"CeGMeitY
@MeitYCeG
¬∑
Oct 5",2023-10-05T09:46:47.000Z,"If something looks off, it probably is. Let's stay safe online!!
#staysafeonline #cybersecurity #g20india #g20dewg #g20org #g20summit #besafe #staysafe #ssoindia #meity #mygovindia #india #Quad #Quad2023 #QuadCyberCampaign #QuadCyberChallenge #swachhbharat #swachhbharatabhiyan",0,1,1
"Ministry of Culture
@MinOfCultureGoI
¬∑
Oct 1",2023-10-01T16:15:15.000Z,"Day 2 highlights of the Zonal #RashtriyaSanskritiMahotsav - ‚ÄòAnjali‚Äô at Central Park, Connaught Place, New Delhi 
@nzccpatiala
#CultureUnitesAll #G20India #AmritMahotsav",2,17,24
"Priya_k2401
@K2401Priya
¬∑
Sep 28",2023-09-28T05:07:04.000Z,"Yesterday i got the opportunity to visit the ""Culture Corridor : G20 Digital Museum"" Bharat Mandapam  with my batchmates.
#ministryofculture #G20summit #cultureunitesall #G20India",1,0,0
"Ministry of Culture
@MinOfCultureGoI
¬∑
22h",2023-10-06T16:00:04.000Z,"‡§µ‡•Ä‡§∞‡•ã‡§Ç ‡§ï‡§æ ‡§µ‡§Ç‡§¶‡§® ‡§ï‡§∞‡§®‡•á ‡§µ‡§æ‡§≤‡•á #MeriMaatiMeraDesh ‡§Ö‡§≠‡§ø‡§Ø‡§æ‡§® ‡§ï‡•á ‡§§‡§π‡§§ ‡§∏‡•Å‡§®‡•á‡§Ç ‡§∂‡§π‡•Ä‡§¶ ‡§è‡§∏.‡§ï‡•á.‡§≤‡§à‡§ï‡•Å‡§¶‡•ç‡§¶‡•Ä‡§® ‡§ï‡•Ä ‡§ï‡§π‡§æ‡§®‡•Ä, ‡§ú‡§ø‡§®‡•ç‡§π‡•ã‡§Ç‡§®‡•á ‡§Æ‡§æ‡§ì‡§µ‡§æ‡§¶‡§ø‡§Ø‡•ã‡§Ç ‡§ï‡•á ‡§∏‡§æ‡§• ‡§π‡•Å‡§à ‡§Æ‡•Å‡§†‡§≠‡•á‡§°‡§º ‡§Æ‡•á‡§Ç ‡§Ö‡§™‡§®‡•á ‡§∏‡§æ‡§π‡§∏ ‡§î‡§∞ ‡§µ‡•Ä‡§∞‡§§‡§æ ‡§ï‡§æ ‡§™‡§∞‡§ø‡§ö‡§Ø ‡§¶‡§ø‡§Ø‡§æ ‡§î‡§∞ ‡§¶‡•á‡§∂ ‡§ï‡•á ‡§≤‡§ø‡§è ‡§¨‡§≤‡§ø‡§¶‡§æ‡§® ‡§π‡•Å‡§è‡•§

#CultureUnitesAll #G20India #AmritMahotsav

(1/2)",2,19,54
"Ministry of Culture
@MinOfCultureGoI
¬∑
Sep 29",2023-09-29T04:54:07.000Z,"‡§ò‡•Ç‡§Æ‡§∞, ‡§≠‡§æ‡§∞‡§§ ‡§ï‡§æ ‡§è‡§ï ‡§™‡•ç‡§∞‡§∏‡§ø‡§¶‡•ç‡§ß ‡§≤‡•ã‡§ï ‡§®‡•É‡§§‡•ç‡§Ø ‡§π‡•à‡•§ ‡§á‡§∏ ‡§®‡•É‡§§‡•ç‡§Ø ‡§Æ‡•á‡§Ç ‡§ï‡§≤‡§æ‡§ï‡§æ‡§∞ ‡§ò‡§æ‡§ò‡§∞‡§æ, ‡§ö‡•ã‡§≤‡•Ä ‡§ú‡•à‡§∏‡•á ‡§™‡§∞‡§ø‡§ß‡§æ‡§®‡•ã‡§Ç ‡§ï‡•ã ‡§ß‡§æ‡§∞‡§£ ‡§ï‡§∞‡§§‡•á ‡§π‡•à‡§Ç‡•§ ‡§ï‡•ç‡§Ø‡§æ ‡§Ü‡§™ ‡§ú‡§æ‡§®‡§§‡•á ‡§π‡•à‡§Ç ‚Äò‡§®‡§æ‡§∞‡•Ä‡§§‡•ç‡§µ ‡§ï‡§æ ‡§™‡•ç‡§∞‡§§‡•Ä‡§ï‚Äô ‡§Æ‡§æ‡§®‡§æ ‡§ú‡§æ‡§®‡•á ‡§µ‡§æ‡§≤‡•á ‡§Ø‡§π ‡§®‡•É‡§§‡•ç‡§Ø ‡§ï‡§ø‡§∏ ‡§∞‡§æ‡§ú‡•ç‡§Ø ‡§∏‡•á ‡§∏‡§Ç‡§¨‡§Ç‡§ß‡§ø‡§§ ‡§π‡•à?

#Jantehaintobtaye #CultureUnitesAll #G20India #AmritMahotsav",150,23,222
"PIB in Telangana
@PIBHyderabad
¬∑
Oct 6",2023-10-06T07:22:00.000Z,"Parliaments for One Earth, One Family, One Future!

After a successful #G20 Summit, #NewDelhi is ready to welcome the Presiding Officers from G20 members and invited countries for the 9th G20 Parliamentary Speakers‚Äô Summit.

 October 12-14 

#G20India #Parliament20",0,1,1
"Ministry of Culture
@MinOfCultureGoI
¬∑
Oct 1",2023-10-01T11:37:41.000Z,"Don't miss the exclusive opportunity to own the prestigious mementos presented to Hon‚Äôble Prime Minister 
@narendramodi
  

Join us, as the PM MEMENTOS E AUCTION begins tomorrow. 

#PMMementosAuction2023 #CultureUnitesAll #G20India #AmritMahotsav 

(1/2)",2,12,20
"Sivaram MADEM
@sivaram2424
¬∑
Sep 24",2023-09-24T02:40:17.000Z,"I have secured an Exclusive
Rgistration Pass for the upcoming ""Building India's Cyber Army"" Mega workshop from NxtWave 
Ready to take the #cyber Oath and contribute to securing
#digitalindia ...

#EthicalHackingMegaWorkshop #CyberArmy #NxtWave #G20India",0,0,4
"riddhi
@riddhivij
¬∑
Sep 26",2023-09-26T14:46:32.000Z,"What an amazing speech by our prime minister, 
@narendramodi
 ji at Bharat mandapam for G 20 University Connect. 
It was an amazing experience to hear to him and his vision about the India that how youth can help to elevate India. 

#G20UniversityConnect #G20India #G20Bharat",0,0,0
"Ministry of Culture
@MinOfCultureGoI
¬∑
Oct 6",2023-10-06T09:52:49.000Z,"‡§™‡§π‡§ö‡§æ‡§®‡•á‡§Ç ‡§ó‡§æ‡§®‡§æ!

‡§π‡§ø‡§Ç‡§ü - ‡§Ø‡§π ‡§Æ‡§π‡§æ‡§§‡•ç‡§Æ‡§æ ‡§ó‡§æ‡§Ç‡§ß‡•Ä ‡§ï‡§æ ‡§∏‡§¨‡§∏‡•á ‡§≤‡•ã‡§ï‡§™‡•ç‡§∞‡§ø‡§Ø ‡§≠‡§ú‡§® ‡§π‡•à‡•§

‡§§‡•ã, ‡§ï‡•ç‡§Ø‡§æ ‡§Ü‡§™ ‡§á‡§∏ ‡§ß‡•Å‡§® ‡§ï‡•ã ‡§∏‡•Å‡§®, ‡§≠‡§ú‡§® ‡§ï‡§æ ‡§∏‡§π‡•Ä ‡§®‡§æ‡§Æ ‡§¨‡§§‡§æ ‡§∏‡§ï‡§§‡•á ‡§π‡•à‡§Ç?

‡§Ø‡§¶‡§ø ‡§π‡§æ‡§Å, ‡§§‡•ã ‡§π‡§Æ‡•á‡§Ç ‡§ï‡§Æ‡•á‡§Ç‡§ü ‡§¨‡•â‡§ï‡•ç‡§∏ ‡§Æ‡•á‡§Ç ‡§¨‡§§‡§æ‡§è‡§Å!

#GaanaPehchaano #CultureUnitesAll #AmritMahotsav #G20India",19,9,57
"CERT-In
@IndianCERT
¬∑
Sep 27",2023-09-27T17:33:38.000Z,"Safety tip of the day: Beware of ATM scam.
#indiancert #cyberswachhtakendra #staysafeonline #cybersecurity #G20India #g20dewg #besafe #staysafe #mygov #meity #onlinefraud #cybercrime #scam #cyberalert #CSK #cybersecurityawareness",0,4,12
"Ministry of Culture
@MinOfCultureGoI
¬∑
Oct 2",2023-10-02T03:20:30.000Z,"As we commemorate Gandhi Jayanti, we are reminded of the enduring legacy of Mahatma Gandhi, whose unwavering commitment to truth, non-violence, and peace touched the hearts of millions.

#GandhiJayanti #MoCRemembers #CultureUnitesAll #G20India #AmritMahotsav",2,27,37
"Ministry of Culture
@MinOfCultureGoI
¬∑
Sep 27",2023-09-27T11:55:55.000Z,"Here is a glimpse from the Saudi Arabian delegates‚Äô visit to the 'Culture Corridor: G20 Digital Museum' at Bharat Mandapam during the #G20Summit2023 in Delhi. 
@g20org
#CultureUnitesAll #G20India #G20Summit",1,7,26
"Ministry of Culture
@MinOfCultureGoI
¬∑
Oct 3",2023-10-03T09:45:51.000Z,"A serene temple exuding an aura of tranquility & spirituality.

P.C - art_world_276 (IG)

To feature on our page, tag us in your picture/video that showcases India‚Äôs cultural heritage, and use #OurCultureOurPride in your caption.

#CultureUnitesAll #G20India #AmritMahotsav",0,14,37
"Ministry of Culture
@MinOfCultureGoI
¬∑
Oct 5",2023-10-05T11:20:54.000Z,"Rani Durgavati was a brave warrior queen of the Gond kingdom of Garha-Katanga.

She personally led the army to quell rebellions and bravely fought against the invading forces. 

#FromTheArchives #CultureUnitesAll #G20India #AmritMahotsav 

(1/3)",2,18,39
"Partha PS
@ParthapsPs
¬∑
Oct 2",2023-10-02T17:02:19.000Z,"Gandhi needs a new kurta

#GandhiJayanti2023 #Gandhi #Khadi #Bharat #G20India",0,0,0
"POWERGRID
@pgcilindia
¬∑
Oct 1",2023-10-01T10:05:23.000Z,"POWERGRID acquires Ananthpuram Kurnool
Transmission Ltd. from 
@pfclindia
 Consulting Ltd. under TBCB for establishing Transmission Scheme for Solar Energy Zone in Ananthpuram (Ananthapur) (2500 MW) & Kurnool (1000 MW), Andhra Pradesh. #AmritMahotsav #G20India",1,9,71
"Ministry of Culture
@MinOfCultureGoI
¬∑
Sep 28",2023-09-28T16:00:21.000Z,"Ct. Uttam Kumar Singh Gurung's sacrifice for our nation will never be forgotten. Be a part of the #MeriMaatiMeraDesh campaign to show your respect for his service.

Visit http://yuva.gov.in to know more! 

#CultureUnitesAll #AmritMahotsav #G20India",4,17,68
"Neutrino
@knee_jerk
¬∑
5h",2023-10-07T09:16:12.000Z,"Winners don't do different things, they do things differently #G20India",0,0,0
"Ministry of Culture
@MinOfCultureGoI
¬∑
Sep 30",2023-09-30T07:49:09.000Z,"#RashtriyaSanskritiMahotsav is happening in Delhi. 

Participate in the vibrant Rashtriya Sanskriti Mahotsav to celebrate our heritage, and further strengthen the spirit of national unity through cultural celebrations. 
@nzccpatiala
#CultureUnitesAll #AmritMahotsav #G20India",2,14,41
"Mahesh
@maheshb88671850
¬∑
Sep 30",2023-09-30T06:15:47.000Z,India is investing in #HUMANITY  One of the African country Prime minister during #G20India #SaturdayVibes #VegVsNonVeg #Dunki #KannurSquad #TeesriBaarModiSarkar #Balochistan Manipur ISKCON #UjjainHorror #INDvsENG #SmackDown #kohli #Rajasthan,0,0,1
"Ministry of Culture
@MinOfCultureGoI
¬∑
Oct 5",2023-10-05T15:34:29.000Z,"PM Mementos Art Gallery offers you an exclusive opportunity to see up close various souvenirs gifted to Hon‚Äôble PM 
@narendramodi
 and also an opportunity to make it yours. 

#PMMementosAuction2023 #CultureUnitesAll #G20India #AmritMahotsav 

(1/3)",2,12,31
"ravneet Singh
@ravneetSin80531
¬∑
Oct 6",2023-10-06T10:47:09.000Z,Hosting #G20Summit meeting was the ‚Äúmoment of pride‚Äù for #Kashmir because it was the first UT holding the G20 meeting that showed how much Indian govt is giving priority to #Kashmir at world platform. #G20Bharat #G20India #JammuKashmir,0,0,0
"NIT Warangal
@warangal_nit
¬∑
Sep 30",2023-09-30T09:45:23.000Z,"The G20 University Connect program was live telecasted in the Bose hall of Seminar halls complex. The faculty and staff participated in the event. 
@EduMinOfIndia
 #g20 #G20India #G20India2023 #nitw #nitwarangal #warangal",0,0,6
"NSS RD Chandigarh
@NSSRDChandigarh
¬∑
Oct 6",2023-10-06T04:52:40.000Z,"#NSS #Y20India  #G20India  #MeriMatiMeraDesh  #SwachhBharat, #SwasthBharat
Morning exercises during the NSS Special Camp, by the NSS Volunteers of GSSS Thona, Mandi, H.P.
@ianuragthakur
 @NisithPramanik
 @YASMinistry
 @NITKM2021
 @pankajsinghips
 @_NSSIndia
 @AmritMahotsav",0,2,2
"ravneet Singh
@ravneetSin80531
¬∑
Oct 6",2023-10-06T10:43:14.000Z,"Holding #G20Summit event in the vision of Government of India to promote economic development, peace and prosperity in Jammu and Kashmir, as this was an important step in bringing stability to the region. #G20Bharat #G20India #JammuKashmir",0,0,0
"Larz PRVN
@larz_prvn
¬∑
Oct 2",2023-10-02T09:23:01.000Z,"I don't believe in break-ups.
But, I do feel for Modi ji !
Ifykyk...!
.
.
.
#Trending #G20India",0,0,0
"ravneet Singh
@ravneetSin80531
¬∑
Oct 6",2023-10-06T10:47:22.000Z,"The G20 summit in Srinagar facilitated knowledge transfer in the field of agriculture, promoting sustainable farming practices and boosting rural development. #G20Bharat #G20India #JammuKashmir",0,0,0
"Business Today
@business_today
¬∑
Oct 4",2023-10-04T12:33:38.000Z,"India Today Conclave Mumbai: British High Commissioner On India's G20 Impact On Global Order & More.

Watch: https://youtu.be/H3UFZPAhqUA | 
@rahulkanwal
 @AlexWEllis
 #ConclaveMumbai2023 #g20summit2023  #G20India #G20presidency  #GlobalLeaders",0,0,1
"Akash | ‡§Ü‡§ï‡§æ‡§∂‡•§ ‡¶Ü‡¶ï‡¶æ‡¶∂‡•§
@akash_awaam
¬∑
Sep 27",2023-09-27T12:19:43.000Z,"The Delhi demolitions / evictions are part of a policy regime (Delhi Master Plan / labor codes) in which  dispossession of the working classes from land and homes and their reduction to precarious jobs are integral to urban development.
#G20India 
https://liberation.org.in/liberation-2023-october/g20-summit-beyond-hype‚Ä¶",0,10,16
"Md Nuzrul Islam
@MrNuzrulIslam
¬∑
Oct 4",2023-10-04T01:29:50.000Z,There are terrorist Hindu organizations in India they are destroying India they are spreading hatred in India Hindu terrorist organizations are working to spread hatred all over the world but it is a matter of great shame that the Indian police is supporting them People #G20India,1,1,0
"LOK SABHA
@LokSabhaSectt
¬∑
Sep 27",2023-09-27T07:02:12.000Z," #G20India Update!    

Media Accreditation is now open for the Parliament20 (P20) Summit.  

New Delhi 
October 12-14, 2023  

Apply 

https://g20.org/en/registration/‚Ä¶

 Last date: October 2, 2023",2,8,28
"BSNL India
@BSNLCorporate
¬∑
Oct 2",2023-10-02T03:46:12.000Z,"‡§¶‡•á‡§∂ ‡§ï‡•á ‡§™‡•Ç‡§∞‡•ç‡§µ ‡§™‡•ç‡§∞‡§ß‡§æ‡§®‡§Æ‡§Ç‡§§‡•ç‡§∞‡•Ä ‡§∂‡•ç‡§∞‡•Ä #‡§≤‡§æ‡§≤_‡§¨‡§π‡§æ‡§¶‡•Å‡§∞_‡§∂‡§æ‡§∏‡•ç‡§§‡•ç‡§∞‡•Ä ‡§ú‡•Ä ‡§ï‡•Ä ‡§ú‡§Ø‡§Ç‡§§‡•Ä ‡§™‡§∞ ‡§â‡§®‡•ç‡§π‡•á‡§Ç ‡§∂‡§§‡•ç-‡§∂‡§§‡•ç ‡§®‡§Æ‡§®‡•§

#LalBahadurShastriJayanti #JaiJawanJaiKisan #BSNL #G20India",11,40,121
"NSS RD Chandigarh
@NSSRDChandigarh
¬∑
Oct 6",2023-10-06T06:32:58.000Z,"#NSS #Y20India #G20India #MeriMatiMeraDesh 
Services rendered by the NSS volunteers during the Under-19 District level tournament (Minor Games) in SCVT GGSSS Arki, Solan, H.P.
@ianuragthakur
 @NisithPramanik
 @YASMinistry
 @NITKM2021
 @pankajsinghips
 @_NSSIndia
 @AmritMahotsav",0,2,4
"Information Security Awareness (ISEA) by MeitY
@InfoSecAwa
¬∑
Oct 6",2023-10-06T09:00:19.000Z,"  step =  Benefits
#staysafeonline #cybersecurity #g20india #ssoindia #meity #mygovindia #india #Quad #Quad2023 #swachhbharatabhiyan #cybersecurityawareness #beaware #besecured
#nationalcybersecurityawarenessmonth

For more content visit our website 
https://isea.gov.in",0,1,3
"ravneet Singh
@ravneetSin80531
¬∑
Oct 6",2023-10-06T10:45:07.000Z,"#G20summit had a positive impact on the situation in Jammu and Kashmir, as the commitment of the world leaders to work together towards a brighter future for the people of Kashmir. #G20Bharat #G20India #JammuKashmir",0,0,0
"Ministry of Culture
@MinOfCultureGoI
¬∑
Oct 6",2023-10-06T11:54:53.000Z,"Let the soulful Raag Kalavati on the Santoor by Pandit Shivkumar Sharma transport you to a realm of pure bliss this #FlashbackFriday.

#CultureUnitesAll #G20India #AmritMahotsav",1,8,23
"NSS RD Chandigarh
@NSSRDChandigarh
¬∑
Oct 5",2023-10-05T06:28:32.000Z,"#NSS #YuvaBharat #AmritMahotsav #Y20India  #G20India #SwachhBharat, #SwasthBharat
Yoga exercises by the NSS Volunteers of GSSS Baat, Chamba, Himachal Pradesh
@ianuragthakur
 @NisithPramanik
 @YASMinistry
 @NITKM2021
 @pankajsinghips
 @_NSSIndia
 @AmritMahotsav
 @pibyas",0,2,2
"Ministry of Culture
@MinOfCultureGoI
¬∑
Sep 30",2023-09-30T07:49:09.000Z,"Here is the schedule for Zonal #RashtriyaSanskritiMahotsav for 30th September, 2023.

Don‚Äôt miss this wonderful opportunity.
We will see you there!

#CultureUnitesAll #AmritMahotsav #G20India",2,7,12
"Ministry of Culture
@MinOfCultureGoI
¬∑
Oct 1",2023-10-01T05:08:09.000Z,"Delhi is abuzz with the Rashtriya Sanskriti Mahotsav! Be part of this dynamic celebration of our rich culture. 

 Check out the Zonal #RashtriyaSanskritiMahotsav schedule for Day 3
@nzccpatiala
#CultureUnitesAll #G20India #AmritMahotsav 

(1/2)",1,7,22
"Angry young man
@anil0420
¬∑
Oct 5",2023-10-05T12:06:53.000Z,"@AapKaGopalRai
 @kgahlot
 @ArvindKejriwal
 None to maintain the  Flower pots placed on the  Parade Road by Forest Department during #G20India 
@narendramodi
 taxpayers money down d drain. None responsible to none",0,0,0
"StaySafeOnline
@SSOIndia
¬∑
Oct 6",2023-10-06T10:45:17.000Z,"Tips to #StaySafeOnline 
Visit: http://staysafeonline.in
#cybersecuritytips #G20India #G20Summit #g20org  
@GoI_MeitY
 @_DigitalIndia
 @g20org
 @mygovindia
 @NeGD_GoI
 @PMOIndia
 @rashtrapatibhvn
 @MEAIndia
 @JawedAshraf5
 @FranceinIndia
  @ifiofficiel
 @IndiaembFrance",0,0,0
"Ministry of Culture
@MinOfCultureGoI
¬∑
Sep 29",2023-09-29T07:43:42.000Z,"Get ready for #RashtriyaSanskritiMahotsav in Delhi!

Join us for the grand celebration of our rich heritage, our culture, our pride with the colourful Rashtriya Sanskriti Mahotsav, from today.
@nzccpatiala
#IndianCulture #G20India #CultureUnitesAll #AmritMahotsav",2,18,31
"NSS RD Chandigarh
@NSSRDChandigarh
¬∑
Oct 5",2023-10-05T07:20:50.000Z,"#NSS #Y20India  #G20India  #MeriMatiMeraDesh #SwachhBharat, #SwasthBharat
The campus cleanliness drive was organized by the NSS Unit of GUSSS Parour, Kangra, H.P.
@ianuragthakur
 @NisithPramanik
 @YASMinistry
 @NITKM2021
 @pankajsinghips
 @_NSSIndia
 @AmritMahotsav
 @pibyas",0,2,2
"Ministry of Culture
@MinOfCultureGoI
¬∑
Oct 3",2023-10-03T11:40:23.000Z,"‡§Æ‡§ß‡•Å‡§¨‡§®‡•Ä ‡§ö‡§ø‡§§‡•ç‡§∞‡§ï‡§≤‡§æ, ‡§≠‡§æ‡§∞‡§§ ‡§ï‡•Ä ‡§è‡§ï ‡§™‡•ç‡§∞‡§∏‡§ø‡§¶‡•ç‡§ß ‡§≤‡•ã‡§ï‡§ï‡§≤‡§æ ‡§π‡•à‡•§ ‡§á‡§∏ ‡§ï‡§≤‡§æ ‡§Æ‡•á‡§Ç ‡§π‡§Æ‡•á‡§Ç ‡§™‡•å‡§∞‡§æ‡§£‡§ø‡§ï ‡§ï‡§•‡§æ‡§ì‡§Ç, ‡§≤‡•ã‡§ï‡§µ‡§æ‡§∞‡•ç‡§§‡§æ‡§ì‡§Ç ‡§î‡§∞ ‡§∏‡§æ‡§Æ‡§æ‡§ú‡§ø‡§ï ‡§ö‡§ø‡§Ç‡§§‡§®‡•ã‡§Ç ‡§ï‡§æ ‡§è‡§ï ‡§ó‡§π‡§∞‡§æ ‡§µ‡§∞‡•ç‡§£‡§® ‡§¶‡•á‡§ñ‡§®‡•á ‡§ï‡•á ‡§≤‡§ø‡§è ‡§Æ‡§ø‡§≤‡§§‡§æ ‡§π‡•à‡•§

‡§ï‡•ç‡§Ø‡§æ ‡§Ü‡§™ ‡§ú‡§æ‡§®‡§§‡•á ‡§π‡•à‡§Ç, ‡§Ø‡§π ‡§®‡§ø‡§Æ‡•ç‡§® ‡§Æ‡•á‡§Ç ‡§∏‡•á ‡§ï‡§ø‡§∏ ‡§∞‡§æ‡§ú‡•ç‡§Ø ‡§∏‡•á ‡§ú‡•Å‡§°‡§º‡§æ ‡§π‡•Å‡§Ü ‡§π‡•à‡•§

#Jantehaintobtaye #CultureUnitesAll #G20India #AmritMahotsav",106,26,158
"ORF
@orfonline
¬∑
1h",2023-10-07T12:50:00.000Z,"The world moulded by the #DelhiSummit will be one of people-focused principles and agile, trust-based partnerships. From 
@samirsaran
. #G20India #G20Summit",0,0,1
"TheSouthAsianTimes
@TheSATimes
¬∑
Sep 27",2023-09-27T13:55:22.000Z,"Addressing the G20 University Connect Finale in New Delhi, PM Narendra Modi said it is not easy to bring nations together amid polarised international atmosphere

#G20India #NarendraModi",0,0,0
"Mayank Tiwari
@imayanktiwari
¬∑
Sep 26",2023-09-26T06:24:45.000Z,"External Affairs Minister 
@DrSJaishankar
 meets President of the United Nations General Assembly Dennis Francis at UN Headquarters in New York. 

EAM welcomes the appreciation of UNGA president on the outcomes of India‚Äôs G20 Presidency.

#G20India",0,2,2
"Ministry of Culture
@MinOfCultureGoI
¬∑
Oct 1",2023-10-01T05:08:09.000Z," Central Park, Connaught Place, New Delhi

An exciting day awaits you. See you there!

#CultureUnitesAll #G20India #AmritMahotsav 

(2/2)",0,5,9
"DD India
@DDIndialive
¬∑
Oct 4",2023-10-04T11:20:53.000Z,"Exclusive l 
@IFADPresident
 Alvaro Lario talks about India's digitalisation push in Agriculture and some best practices to end food insecurity & hunger

Watch full show  https://youtu.be/zVjOhKyw_Ak
@Munmun_Bhat
 @g20org
 @G20_Bharat
 #G20India",0,2,3
"India Weekly
@india_weekly
¬∑
Oct 6",2023-10-06T12:02:40.000Z,"India to host G20 parliament speakers‚Äô summit in Delhi from Oct 12-14

#G20SUMMITDELHI #G20 #G20India #G20Summit #g20summit2023 #g20delhi #LokSabha #Parliament #Delhi #news   #Newsnight #NewsBreak #NewsUpdates #NewsZERO",0,0,0
"Diana Angom
@anaangom9597
¬∑
Sep 28",2023-09-28T16:01:20.000Z,"The truth may hurt for a little while, but a lie hurts forever.
#kukiatrocities #G20 #G20India
#ManipurAgainstZRA #ManipurViolence",0,1,1
"CBC WARANGAL
@CBCWarangal
¬∑
Sep 29",2023-09-29T08:27:15.000Z,Thursday calls for a #G20India quiz!  Comment below with your answer now.,0,0,0
"Information Security Awareness (ISEA) by MeitY
@InfoSecAwa
¬∑
Oct 3",2023-10-03T15:00:39.000Z,"Know your Do's and Don'ts  
#staysafeonline #cybersecurity #g20india #g20dewg #g20org #g20summit #ssoindia #meity #mygovindia #NewsClick #beaware #besecured #india #swachhbharatabhiyan #cybersecurityawareness
#nationalcybersecurityawarenessmonth",0,2,5
"Lost
@IXVIIIXIVIII
¬∑
Oct 6",2023-10-05T18:45:12.000Z,"Absolutely.
Thank you 
@KremlinRussia_E
 


@PMOIndia
 @MEAIndia
 @DrSJaishankar
 @RusEmbIndia
 

#G20Summit #G20India #G20",0,0,0
"StaySafeOnline
@SSOIndia
¬∑
Oct 5",2023-10-05T12:45:27.000Z,"Tips to #StaySafeOnline   
Visit: http://staysafeonline.in
#cybersecuritytips #G20India #G20Summit #g20org  
@GoI_MeitY
 @_DigitalIndia
 @g20org
 @mygovindia
 @NeGD_GoI
 @PMOIndia
 @rashtrapatibhvn
 @MEAIndia
 @JawedAshraf5
 @FranceinIndia
  @ifiofficiel
 @IndiaembFrance",0,0,0
"Jigar Shah
@Jigar_coolfire
¬∑
Sep 30",2023-09-30T09:46:41.000Z,#G20India Phenomenal movement ,0,0,0
"Information Security Awareness (ISEA) by MeitY
@InfoSecAwa
¬∑
Oct 5",2023-10-05T12:30:32.000Z,"Catch the word P@$$WORD and keep your account secured
Do send your screenshot to Us!!
#staysafeonline #cybersecurity #g20india #ssoindia #meity #mygovindia #india #swachhbharatabhiyan #cybersecurityawareness #beaware #besecured
#nationalcybersecurityawarenessmonth",0,1,1
"NSS RD Chandigarh
@NSSRDChandigarh
¬∑
Oct 5",2023-10-05T06:42:52.000Z,"#NSS #Y20India  #G20India  #SwachhBharat, #SwasthBharat
A lecture session on Health and hygiene for the NSS Volunteers during the NSS Camp at GSSS Khajjiar, Chamba, H.P.
@ianuragthakur
 @NisithPramanik
 @YASMinistry
 @NITKM2021
 @pankajsinghips
 @_NSSIndia
 @AmritMahotsav",0,2,2
"Information Security Awareness (ISEA) by MeitY
@InfoSecAwa
¬∑
3h",2023-10-07T10:46:04.000Z,"Tips to #StaySafeOnline 
Visit: http://staysafeonline.in
#cybersecuritytips #G20India #G20Summit #g20org  
@GoI_MeitY
 @_DigitalIndia
 @g20org
 @mygovindia
 @NeGD_GoI
 @MEAIndia
 
@IndianEmbRiyadh
 @IndianDiplomacy",0,0,0
"Information Security Awareness (ISEA) by MeitY
@InfoSecAwa
¬∑
9h",2023-10-07T05:01:03.000Z,"#Tip_of_the_day
#staysafeonline #cybersecurity #g20india #g20dewg #g20org #g20summit #mygovindia #besafe #staysafe #ssoindia #meity #india #Quad #Quad2023 #QuadCyberCampaign #saturdaynight #Saturday  

For more content visit our website 
https://isea.gov.in",0,0,2
"G20 Bharat
@G20_Bharat
¬∑
Oct 5",2023-10-05T11:00:42.000Z,"Under the theme of ' Parliaments for One Earth, One Family,One Future', the 9th G20 Parliament Speakers Summit will be hosted by the Parliament of India
#G20India #Parliament20",0,3,5
"Ministry of Culture
@MinOfCultureGoI
¬∑
Oct 4",2023-10-04T04:56:32.000Z,"‡§≤‡•ã‡§ï‡§™‡•ç‡§∞‡§ø‡§Ø ‡§≠‡§ó‡§µ‡§§‡•Ä ‡§•‡•á‡§Ø‡•ç‡§Ø‡§Æ ‡§®‡•É‡§§‡•ç‡§Ø ‡§ï‡•Ä ‡§™‡•ç‡§∞‡§∏‡•ç‡§§‡•Å‡§§‡§ø ‡§¶‡•á‡§§‡•á ‡§ï‡§≤‡§æ‡§ï‡§æ‡§∞‡•§ 

‡§ö‡§ø‡§§‡•ç‡§∞ ‡§∂‡•ç‡§∞‡•á‡§Ø - arunkumarnalimela (Instagram)

‡§Ø‡§¶‡§ø ‡§Ü‡§™ ‡§≠‡•Ä ‡§π‡•ã‡§®‡§æ ‡§ö‡§æ‡§π‡§§‡•á ‡§π‡•à‡§Ç ‡§π‡§Æ‡§æ‡§∞‡•á ‡§∏‡§æ‡§• ‡§´‡•Ä‡§ö‡§∞, ‡§§‡•ã ‡§Ö‡§™‡§®‡•Ä ‡§§‡§∏‡•ç‡§µ‡•Ä‡§∞‡•ã‡§Ç ‡§î‡§∞ ‡§µ‡•Ä‡§°‡§ø‡§Ø‡•ã ‡§ï‡•ã ‡§Ö‡§™‡§≤‡•ã‡§° ‡§ï‡§∞‡•á‡§Ç #OurCultureOurPride ‡§ï‡•á ‡§∏‡§æ‡§•‡•§ 

#AmritMahotsav #IncredibleIndia #CultureUnitesAll #G20India",1,26,103
"StaySafeOnline
@SSOIndia
¬∑
4m",2023-10-07T14:15:31.000Z,"‡∞á‡∞Ç‡∞ü‡∞∞‡±ç‡∞®‡±Ü‡∞ü‡±ç ‡∞≠‡∞¶‡±ç‡∞∞‡∞§‡∞æ ‡∞ö‡∞ø‡∞ü‡±ç‡∞ï‡∞æ‡∞≤‡±Å - ‡∞Ü‡∞®‡±ç‚Äå‡∞≤‡±à‡∞®‡±ç‚Äå‡∞≤‡±ã ‡∞∏‡±Å‡∞∞‡∞ï‡±ç‡∞∑‡∞ø‡∞§‡∞Ç‡∞ó‡∞æ ‡∞â‡∞Ç‡∞°‡∞Ç‡∞°‡∞ø 
Visit to: http://staysafeonline.in
#staysafeonline #cybersecurity #g20india #g20dewg
#besafe #staysafe #ssoindia #meity #Telangana #Telugutips 
@GoI_MeitY@_DigitalIndia  
@g20org
 @mygovindia
 @NeGD_GoI
 @PMOIndia",0,0,0
"Dr. Priyadarshi Nayak
@DrPriyadarshiN7
¬∑
Sep 23",2023-09-23T15:24:22.000Z,"Upskilling different areas of Education System!

The G20 Presidency is responsible for bringing together the G20 agenda in consultation with other members and in response to developments in the education industry. Will have tremendous impact in transforming educators.

#G20India",0,0,1
"StaySafeOnline
@SSOIndia
¬∑
Oct 4",2023-10-04T09:45:37.000Z,"Tips to #StaySafeOnline 
Visit: http://staysafeonline.in
#cybersecuritytips #G20India #G20Summit #g20org 
@GoI_MeitY
 @_DigitalIndia
 @g20org
 @mygovindia
 @NeGD_GoI
 @PMOIndia
 @MEAIndia
 @IndianEmbTokyo
 @JapaninIndia
 @AmbSibiGeorge
 @rashtrapatibhvn",0,0,0
"Ministry of Culture
@MinOfCultureGoI
¬∑
Oct 4",2023-10-04T10:23:49.000Z,"Be part of the exclusive circle as we unveil the logo for India's most-awaited Art, Architecture, and Design Biennale 2023. 

Register and join us for the logo launch here: https://forms.gle/DQyieiUHNmUU9yEEA‚Ä¶

#CultureUnitesAll #G20India #AmritMahotsav",0,12,16
"Manohar Parrikar IDSA, New Delhi
@IDSAIndia
¬∑
Oct 5",2023-10-05T12:53:26.000Z,"DG 
@IDSAIndia
 & 
@T20org
 Chair of #G20India 
@SujanChinoy
 spoke on ""Harnessing Collective Action in #Asia "" to achieve developmental goals UN #SDGs 
at 110th anniversary of 
@RockefellerFdn
 in New Delhi. He highlighted role & tradition of philanthropy in #India
#Think20 
@g20org",0,1,5
"StaySafeOnline
@SSOIndia
¬∑
Oct 4",2023-10-04T10:45:46.000Z,"Tips to #StaySafeOnline 
Visit: http://staysafeonline.in
#cybersecuritytips #G20India #G20Summit #g20org  
@GoI_MeitY
 @_DigitalIndia
 @g20org
 @mygovindia
 @NeGD_GoI
 @PMOIndia
 @rashtrapatibhvn
 @MEAIndia
 @JawedAshraf5
 @FranceinIndia
  @ifiofficiel
 @IndiaembFrance",0,0,0
"BJP OBC Morcha Andhra Pradesh
@BJPOBCMorcha4AP
¬∑
Sep 28",2023-09-28T00:43:12.000Z,"Highlights of PM 
@modi
's address at the G20 University Connect Finale at Bharat Mandapam

#G20
#G20UniversityConnect
#G20Summit
#G20India
#YuvaShakti
@BJP4Andhra
@BJP4India",0,2,9
"The Art of Living News
@ArtofLivingABC
¬∑
Sep 30",2023-09-30T06:04:59.000Z,"India took up #G20India presidency with the approach of bringing the world together: the EAM 
@DrSJaishankar
 at #worldCulturalFestival.

read more 
@Dev_Discourse",0,25,46
"ANI Digital
@ani_digital
¬∑
Sep 27",2023-09-27T16:45:03.000Z,"PM Modi‚Äôs principal secretary chairs high-level meeting to review G20 summit outcomes

Read 
@ANI
 Story | https://aninews.in/news/world/asia/pm-modis-principal-secretary-chairs-high-level-meeting-to-review-g20-summit-outcomes20230927220841/‚Ä¶
#PMModi #G20India #PKMishra",0,11,95
"CeGMeitY
@MeitYCeG
¬∑
Oct 5",2023-10-05T06:38:21.000Z,"Can you find the correct???
Comment  the correct piece
#staysafeonline #cybersecurity #g20india #g20dewg #g20org #g20summit #besafe #staysafe #ssoindia #meity #mygovindia #india #Quad #Quad2023 #QuadCyberCampaign 
For more content visit our website
https://staysafeonline.in",0,1,1
"CeGMeitY
@MeitYCeG
¬∑
Oct 5",2023-10-05T10:16:13.000Z,"#Painting_of_the_Day
#staysafeonline #cybersecurity #g20india #g20dewg #g20org #g20summit #ssoindia #meity #mygovindia #india #Quad #Quad2023 #swachhbharat #swachhbharatabhiyan #cybersecurityawareness 
For more content visit our website
https://isea.gov.in",0,1,1
"CeGMeitY
@MeitYCeG
¬∑
Oct 5",2023-10-05T06:48:12.000Z," Online Safety Alert 
#staysafeonline #cybersecurity #g20india #g20dewg #g20org #g20summit #besafe #staysafe #ssoindia #meity #mygovindia #india #Quad #Quad2023 #QuadCyberCampaign #QuadCyberChallenge #swachhbharat  
For more content visit our website
https://staysafeonline.in",0,1,1
"Ministry of Culture
@MinOfCultureGoI
¬∑
Oct 1",2023-10-01T07:58:10.000Z,"‚Äò‡§¨‡§æ‡§â‡§≤ ‡§ó‡§æ‡§®‚Äô ‡§≠‡§æ‡§∞‡§§ ‡§ï‡•Ä ‡§è‡§ï ‡§™‡•ç‡§∞‡§∏‡§ø‡§¶‡•ç‡§ß ‡§ï‡§≤‡§æ ‡§π‡•à‡•§ ‡§á‡§∏‡•á ‚Äò‡§´‡§º‡§ï‡•Ä‡§∞ ‡§∏‡§Ç‡§ó‡•Ä‡§§‚Äô ‡§ï‡•á ‡§®‡§æ‡§Æ ‡§∏‡•á ‡§≠‡•Ä ‡§ú‡§æ‡§§‡§æ ‡§π‡•à‡•§

‡§ï‡•ç‡§Ø‡§æ ‡§Ü‡§™ ‡§ú‡§æ‡§®‡§§‡•á ‡§π‡•à‡§Ç, ‡§Ø‡§π ‡§®‡§ø‡§Æ‡•ç‡§® ‡§Æ‡•á‡§Ç ‡§ï‡§ø‡§∏ ‡§∞‡§æ‡§ú‡•ç‡§Ø ‡§∏‡•á ‡§∏‡§Ç‡§¨‡§Ç‡§ß‡§ø‡§§ ‡§π‡•à?

‡§Ø‡§¶‡§ø ‡§π‡§æ‡§Å, ‡§§‡•ã ‡§π‡§Æ‡•á‡§Ç ‡§ï‡§Æ‡•á‡§Ç‡§ü ‡§¨‡•â‡§ï‡•ç‡§∏ ‡§Æ‡•á‡§Ç ‡§¨‡§§‡§æ‡§è‡§Å!

#Jantehaintobtaye #CultureUnitesAll #G20India #AmritMahotsav",97,34,223
"P20 Bharat
@P20Bharat
¬∑
6h",2023-10-07T08:16:16.000Z,"‡§Ö‡§≠‡•Ä ‡§§‡§ï ‡§ú‡§ø‡§§‡§®‡•á P20 ‡§∏‡§Æ‡•ç‡§Æ‡•á‡§≤‡§® ‡§π‡•Å‡§è ‡§â‡§∏‡§Æ‡•á‡§Ç ‡§∏‡§¨‡§∏‡•á ‡§ú‡•ç‡§Ø‡§æ‡§¶‡§æ ‡§â‡§™‡§∏‡•ç‡§•‡§ø‡§§‡§ø ‡§≠‡§æ‡§∞‡§§ ‡§Æ‡•á‡§Ç ‡§∞‡§π‡•á‡§ó‡•Ä‡•§

#P20Summit #P20 #G20 #G20India #OmBirla #Loksabha",0,0,0
"Mumbai_Citizen
@Mumbai_Citizens
¬∑
Oct 4",2023-10-04T16:16:18.000Z,Happening after G20 where India i.e. Bharat was showcased as the mother of Democracy. Remember words of Dr. Manmohan Singh about Modi as PM of India. #INDIAAlliance #Congress #G20India #G20Summit #ModiHaiToMumkinHai #BJP #Maharashtra,0,0,1
"AGAM
@theagamashish
¬∑
Oct 1",2023-10-01T08:20:45.000Z,#justicefordayalbagh #dayalbagh #dei #g20 #g20india #g20dei #g20dayalbaghdelegation #Agra #unlawfullactivity #crime,1,5,5
"Shantanu Thakur
@Shantanu_bjp
¬∑
Sep 27",2023-09-27T11:38:46.000Z,"Hon'ble PM Shri 
@narendramodi
 ji delivers a 30-day Report Card to dynamic youth of India showcasing the government's tireless efforts and achievements.  

#G20UniversityConnect #G20Summit #G20India #YuvaShakti",0,4,5
"Sarda
@Sarda2405659102
¬∑
Sep 28",2023-09-28T15:58:50.000Z,"Security Forces have been beating very badly to the student protesters who are demanding justice for the killing of two meitei students.
#Violation of Human Rights#

#ManipurViolence
#GenevaWithManipur
#G20 #G20India
 
@UNHumanRights
@UN",0,0,0
"Sarda
@Sarda2405659102
¬∑
Sep 28",2023-09-28T15:58:50.000Z,"Security Forces have been beating very badly to the student protesters who are demanding justice for the killing of two meitei students.
#Violation of Human Rights#

#ManipurViolence
#GenevaWithManipur
#G20 #G20India
 
@UNHumanRights
@UN",0,0,0
"P20 Bharat
@P20Bharat
¬∑
5h",2023-10-07T08:48:42.000Z,"#P20 ‡§∏‡§Æ‡•ç‡§Æ‡•á‡§≤‡§® ‡§ï‡§æ ‡§â‡§¶‡•á‡§∂‡•ç‡§Ø 
#P20Summit #G20India #G20 #OmBirla #India #Bharat #Loksabha #G20Summit",0,0,0
"Ministry of Culture
@MinOfCultureGoI
¬∑
Sep 30",2023-09-30T06:01:22.000Z,"‡§ï‡§∞‡•ç‡§®‡§æ‡§ü‡§ï ‡§ï‡•á ‡§ö‡§æ‡§Æ‡•Å‡§Ç‡§°‡•Ä ‡§™‡§π‡§æ‡§°‡§º‡•Ä ‡§™‡§∞ ‡§µ‡§ø‡§∞‡§æ‡§ú‡§Æ‡§æ‡§® ‡§®‡§Ç‡§¶‡•Ä‡•§

‡§ö‡§ø‡§§‡•ç‡§∞ ‡§∂‡•ç‡§∞‡•á‡§Ø - safedhaathi (Instagram)

‡§Ø‡§¶‡§ø ‡§Ü‡§™ ‡§≠‡•Ä ‡§π‡•ã‡§®‡§æ ‡§ö‡§æ‡§π‡§§‡•á ‡§π‡•à‡§Ç ‡§π‡§Æ‡§æ‡§∞‡•á ‡§∏‡§æ‡§• ‡§´‡•Ä‡§ö‡§∞, ‡§§‡•ã ‡§Ö‡§™‡§®‡•Ä ‡§§‡§∏‡•ç‡§µ‡•Ä‡§∞‡•ã‡§Ç ‡§î‡§∞ ‡§µ‡•Ä‡§°‡§ø‡§Ø‡•ã ‡§ï‡•ã ‡§Ö‡§™‡§≤‡•ã‡§° ‡§ï‡§∞‡•á‡§Ç #OurCultureOurPride ‡§ï‡•á ‡§∏‡§æ‡§•‡•§  

#AmritMahotsav #IncredibleIndia #CultureUnitesAll #G20India",3,21,77
"Curtorim Union
@Goa403709India
¬∑
Sep 25",2023-09-25T14:23:44.000Z,"It's #SDGFlagDay #GlobalGoalsDay2023!Otd in 2015,#UN MemberStates adopted 17 SDGs,which are guiding global sustainable devpt until 2030. Halfway into #Agenda2030,we need strong actions.Lets #ActNow as #ProPlanetPeople 2b #TogetherForTheSDGs so that #LeaveNoOneBehind
#G20India",0,0,0
"CERT-In
@IndianCERT
¬∑
Sep 25",2023-09-25T17:13:27.000Z,"Safety tip of the day: Always use updated web browsers.
#indiancert #cyberswachhtakendra #staysafeonline #cybersecurity #G20India #g20dewg #besafe #staysafe #mygov #meity #onlinefraud #cybercrime #scam #cyberalert #CSK #cybersecurityawareness",2,10,20
"WION
@WIONews
¬∑
Sep 25",2023-09-25T18:03:00.000Z,"#WIONPulse | 'G20 Summit, a win for India'

British economist Jim O'Neill lauds India's G20 Presidency in conversation with Sidhant Sibal (
@sidhant
) 

Join WION's WhatsApp channel: https://whatsapp.com/channel/0029Va9OwRiEVccRCOBiAf23‚Ä¶

#G20Summit #G20India",0,2,5
"CeGMeitY
@MeitYCeG
¬∑
Oct 5",2023-10-05T06:35:53.000Z,"#staysafeonline #cybersecurity #g20india #g20dewg #g20org #g20summit #besafe #staysafe #ssoindia #meity #mygovindia #india #Quad #Quad2023 #QuadCyberCampaign #QuadCyberChallenge #swachhbharat #swachhbharatabhiyan 
For more content visit our website
https://staysafeonline.in",0,1,1
"Curtorim Union
@Goa403709India
¬∑
Sep 25",2023-09-25T14:23:44.000Z,"It's #SDGFlagDay #GlobalGoalsDay2023!Otd in 2015,#UN MemberStates adopted 17 SDGs,which are guiding global sustainable devpt until 2030. Halfway into #Agenda2030,we need strong actions.Lets #ActNow as #ProPlanetPeople 2b #TogetherForTheSDGs so that #LeaveNoOneBehind
#G20India",0,0,0
"CERT-In
@IndianCERT
¬∑
Sep 25",2023-09-25T17:13:27.000Z,"Safety tip of the day: Always use updated web browsers.
#indiancert #cyberswachhtakendra #staysafeonline #cybersecurity #G20India #g20dewg #besafe #staysafe #mygov #meity #onlinefraud #cybercrime #scam #cyberalert #CSK #cybersecurityawareness",2,10,20
"WION
@WIONews
¬∑
Sep 25",2023-09-25T18:03:00.000Z,"#WIONPulse | 'G20 Summit, a win for India'

British economist Jim O'Neill lauds India's G20 Presidency in conversation with Sidhant Sibal (
@sidhant
) 

Join WION's WhatsApp channel: https://whatsapp.com/channel/0029Va9OwRiEVccRCOBiAf23‚Ä¶

#G20Summit #G20India",0,2,5
"CeGMeitY
@MeitYCeG
¬∑
Oct 5",2023-10-05T06:35:53.000Z,"#staysafeonline #cybersecurity #g20india #g20dewg #g20org #g20summit #besafe #staysafe #ssoindia #meity #mygovindia #india #Quad #Quad2023 #QuadCyberCampaign #QuadCyberChallenge #swachhbharat #swachhbharatabhiyan 
For more content visit our website
https://staysafeonline.in",0,1,1
"India in Italy
@IndiainItaly
¬∑
Sep 30",2023-09-29T19:39:31.000Z,"On International Day of Awareness of Food Loss & Waste at FAO, Ambassador highlighted #G20India Leaders Declaration commitment to reduce food loss through responsible & mindful consumption, practicing philosophy of Mission LiFE & various initiatives of Govt of India. 
@AgriGoI",1,1,4
"lin asem
@asem_lin92857
¬∑
Sep 28",2023-09-28T11:12:40.000Z,"We‚Äôre not safe at the hands of our own government!!! 
@narendramodi
 #G20 #G20INDIA https://twitter.com/salam_lanchenba/status/1707342485490688288‚Ä¶",0,0,0
"Ruchita Beri
@BeriRuchita
¬∑
Oct 5",2023-10-05T15:23:07.000Z,"Interesting discussion with H.E Amb Kenneth H da Nobrega 
@BrazilEmbassyIN
 led by DG 
@SujanChinoy
 @IDSAIndia
 
#IndiaBrazil #IndiaPresidencyG20 #G20India 
@indiainbrazil
 @AmbSKReddy
 @MEAIndia
 @Itamaraty_EN
 @A_MelloeSouza",0,1,5
"WION
@WIONews
¬∑
Sep 25",2023-09-25T18:03:00.000Z,"#WIONPulse | 'G20 Summit, a win for India'

British economist Jim O'Neill lauds India's G20 Presidency in conversation with Sidhant Sibal (
@sidhant
) 

Join WION's WhatsApp channel: https://whatsapp.com/channel/0029Va9OwRiEVccRCOBiAf23‚Ä¶

#G20Summit #G20India",0,2,5
"CeGMeitY
@MeitYCeG
¬∑
Oct 5",2023-10-05T06:35:53.000Z,"#staysafeonline #cybersecurity #g20india #g20dewg #g20org #g20summit #besafe #staysafe #ssoindia #meity #mygovindia #india #Quad #Quad2023 #QuadCyberCampaign #QuadCyberChallenge #swachhbharat #swachhbharatabhiyan 
For more content visit our website
https://staysafeonline.in",0,1,1
"India in Italy
@IndiainItaly
¬∑
Sep 30",2023-09-29T19:39:31.000Z,"On International Day of Awareness of Food Loss & Waste at FAO, Ambassador highlighted #G20India Leaders Declaration commitment to reduce food loss through responsible & mindful consumption, practicing philosophy of Mission LiFE & various initiatives of Govt of India. 
@AgriGoI",1,1,4
"lin asem
@asem_lin92857
¬∑
Sep 28",2023-09-28T11:12:40.000Z,"We‚Äôre not safe at the hands of our own government!!! 
@narendramodi
 #G20 #G20INDIA https://twitter.com/salam_lanchenba/status/1707342485490688288‚Ä¶",0,0,0
"Ruchita Beri
@BeriRuchita
¬∑
Oct 5",2023-10-05T15:23:07.000Z,"Interesting discussion with H.E Amb Kenneth H da Nobrega 
@BrazilEmbassyIN
 led by DG 
@SujanChinoy
 @IDSAIndia
 
#IndiaBrazil #IndiaPresidencyG20 #G20India 
@indiainbrazil
 @AmbSKReddy
 @MEAIndia
 @Itamaraty_EN
 @A_MelloeSouza",0,1,5
"JYOTI PRAKASH
@PROFESS51177061
¬∑
7h",2023-10-07T07:17:15.000Z,"#Tip_of_the_day
#staysafeonline #cybersecurity #g20india",0,0,0
"Ministry of Culture
@MinOfCultureGoI
¬∑
Sep 30",2023-09-30T09:18:28.000Z,"Here's your exclusive chance to own the esteemed gifts presented to the Hon'ble Prime Minister 
@narendramodi
 

To join the e-auction register at http://pmmementos.gov.in

Date: 2nd - 31st October, 2023

#PMMementosAuction2023 #CultureUnitesAll #G20India #AmritMahotsav 

(1/2)",1,13,23
"CeGMeitY
@MeitYCeG
¬∑
Oct 5",2023-10-05T06:47:52.000Z,"It's better to prevent a potential risk than to deal with its consequences.
#staysafeonline #cybersecurity #g20india #g20dewg #g20org #g20summit #besafe #staysafe #ssoindia #WednesdayMotivation
For more content visit our website
https://staysafeonline.in",0,1,1
"Ruchita Beri
@BeriRuchita
¬∑
Oct 5",2023-10-05T15:23:07.000Z,"Interesting discussion with H.E Amb Kenneth H da Nobrega 
@BrazilEmbassyIN
 led by DG 
@SujanChinoy
 @IDSAIndia
 
#IndiaBrazil #IndiaPresidencyG20 #G20India 
@indiainbrazil
 @AmbSKReddy
 @MEAIndia
 @Itamaraty_EN
 @A_MelloeSouza",0,1,5
"JYOTI PRAKASH
@PROFESS51177061
¬∑
7h",2023-10-07T07:17:15.000Z,"#Tip_of_the_day
#staysafeonline #cybersecurity #g20india",0,0,0
"Ministry of Culture
@MinOfCultureGoI
¬∑
Sep 30",2023-09-30T09:18:28.000Z,"Here's your exclusive chance to own the esteemed gifts presented to the Hon'ble Prime Minister 
@narendramodi
 

To join the e-auction register at http://pmmementos.gov.in

Date: 2nd - 31st October, 2023

#PMMementosAuction2023 #CultureUnitesAll #G20India #AmritMahotsav 

(1/2)",1,13,23
"CeGMeitY
@MeitYCeG
¬∑
Oct 5",2023-10-05T06:47:52.000Z,"It's better to prevent a potential risk than to deal with its consequences.
#staysafeonline #cybersecurity #g20india #g20dewg #g20org #g20summit #besafe #staysafe #ssoindia #WednesdayMotivation
For more content visit our website
https://staysafeonline.in",0,1,1
"StaySafeOnline
@SSOIndia
¬∑
Oct 6",2023-10-06T09:00:19.000Z,"QUIZ ALERT
Attention all knowledge enthusiasts!  An opportunity to win exciting prizes. 
To participate click on the link- https://staysafeonline.in/quiz

#staysafeonline #cybersecurity #g20india  #mygovindia #besafe #staysafe #ssoindia #meity #india #swachhbharatabhiyan",0,1,0
"Ravi Srivastava ‡§∞‡§µ‡§ø‡§∂‡•ç‡§∞‡•Ä‡§µ‡§æ‡§∏‡•ç‡§§‡§µ
@ravi4354
¬∑
Oct 3",2023-10-03T04:32:49.000Z,"Sir 
@pbhushan1
 @KapilSibal
 @dushyantdave
  @DrAMSinghvi
 
Please fight for them ,India ranks at bottom even in much touted #G20India Nations in Press Freedom",2,0,0
"CeGMeitY
@MeitYCeG
¬∑
Oct 5",2023-10-05T06:47:52.000Z,"It's better to prevent a potential risk than to deal with its consequences.
#staysafeonline #cybersecurity #g20india #g20dewg #g20org #g20summit #besafe #staysafe #ssoindia #WednesdayMotivation
For more content visit our website
https://staysafeonline.in",0,1,1
"StaySafeOnline
@SSOIndia
¬∑
Oct 6",2023-10-06T09:00:19.000Z,"QUIZ ALERT
Attention all knowledge enthusiasts!  An opportunity to win exciting prizes. 
To participate click on the link- https://staysafeonline.in/quiz

#staysafeonline #cybersecurity #g20india  #mygovindia #besafe #staysafe #ssoindia #meity #india #swachhbharatabhiyan",0,1,0
"Ravi Srivastava ‡§∞‡§µ‡§ø‡§∂‡•ç‡§∞‡•Ä‡§µ‡§æ‡§∏‡•ç‡§§‡§µ
@ravi4354
¬∑
Oct 3",2023-10-03T04:32:49.000Z,"Sir 
@pbhushan1
 @KapilSibal
 @dushyantdave
  @DrAMSinghvi
 
Please fight for them ,India ranks at bottom even in much touted #G20India Nations in Press Freedom",2,0,0
